{"count":1,"self":4966.6048,"total":68750.3496878,"children":{"InitializeActuators":{"count":37352,"self":0.669984,"total":0.669984,"children":null},"InitializeSensors":{"count":37352,"self":5.248908,"total":5.2489080999999995,"children":null},"AgentSendState":{"count":2414034,"self":7257.9334143999995,"total":16858.2722622,"children":{"CollectObservations":{"count":51278858,"self":390.4306688,"total":390.4306777,"children":null},"WriteActionMask":{"count":51278858,"self":189.44951039999998,"total":189.4495145,"children":null},"RequestDecision":{"count":51278858,"self":580.6770176,"total":9020.458423099999,"children":{"AgentInfo.ToProto":{"count":51278858,"self":514.34624,"total":8439.781423299999,"children":{"GenerateSensorData":{"count":51278858,"self":6735.5553792,"total":7925.4352033999994,"children":{"RayPerceptionSensor.Perceive":{"count":138384990,"self":1189.8799104,"total":1189.8798751,"children":null}}}}}}}}},"DecideAction":{"count":2414034,"self":46303.366348799995,"total":46303.364846799996,"children":null},"AgentAct":{"count":2414034,"self":608.5776384,"total":608.577639,"children":null},"AgentInfo.ToProto":{"count":37250,"self":0.6471783,"total":7.6093247999999996,"children":{"GenerateSensorData":{"count":37250,"self":5.9632232,"total":6.9621464999999993,"children":{"RayPerceptionSensor.Perceive":{"count":102444,"self":0.9989235,"total":0.9989235,"children":null}}}}}},"gauges":{"CamperBehaviour.CumulativeReward":{"count":17239,"max":2.36,"min":-341.0202,"runningAverage":-2.64613914,"value":0.25,"weightedAverage":-0.8980257}},"metadata":{"timer_format_version":"0.1.0","start_time_seconds":"1630198236","unity_version":"2021.1.15f1","command_line_arguments":"E:\\UnityEditors\\2021.1.15f1\\Editor\\Unity.exe -projectpath E:\/Zavrsni\/NNCampKawanakwa -useHub -hubIPC -cloudEnvironment production -hubSessionId 29cc1a50-079b-11ec-ad2b-db2bc25a1729 -accessToken jgp0vsv5aLzvOcpQUkRjtZg1RxBKgwV7CepoJ0Om18g006f","communication_protocol_version":"1.5.0","com.unity.ml-agents_version":"2.1.0-exp.1","scene_name":"Scene_3DEnvironment_Large","end_time_seconds":"1630266986"}}