{"count":1,"self":1171.7804032,"total":17177.6658004,"children":{"InitializeActuators":{"count":99608,"self":1.9478739999999999,"total":1.9478738999999998,"children":null},"InitializeSensors":{"count":99608,"self":13.45704,"total":13.4570405,"children":null},"AgentSendState":{"count":481101,"self":1646.6194432,"total":3323.0429013,"children":{"CollectObservations":{"count":10170711,"self":38.703990399999995,"total":38.703991699999996,"children":null},"WriteActionMask":{"count":10170711,"self":31.427232,"total":31.427231199999998,"children":null},"RequestDecision":{"count":10170711,"self":119.02661119999999,"total":1606.2922197,"children":{"AgentInfo.ToProto":{"count":10170711,"self":90.0555136,"total":1487.2656074,"children":{"GenerateSensorData":{"count":10170711,"self":1163.1560703999999,"total":1397.210092,"children":{"RayPerceptionSensor.Perceive":{"count":27433061,"self":234.054016,"total":234.0540141,"children":null}}}}}}}}},"DecideAction":{"count":481101,"self":12520.2341888,"total":12520.234082199999,"children":null},"AgentAct":{"count":481101,"self":126.94380799999999,"total":126.9438086,"children":null},"AgentInfo.ToProto":{"count":99491,"self":1.8374279999999998,"total":20.257665799999998,"children":{"GenerateSensorData":{"count":99491,"self":15.401993599999999,"total":18.420237699999998,"children":{"RayPerceptionSensor.Perceive":{"count":273603,"self":3.0182444,"total":3.0182442999999997,"children":null}}}}}},"gauges":{"CamperBehaviour.CumulativeReward":{"count":47014,"max":-0.0007800003,"min":-23.8738613,"runningAverage":-0.375923723,"value":-0.4234715,"weightedAverage":-0.309412271}},"metadata":{"timer_format_version":"0.1.0","start_time_seconds":"1629827074","unity_version":"2021.1.15f1","command_line_arguments":"E:\\UnityEditors\\2021.1.15f1\\Editor\\Unity.exe -projectpath E:\/Zavrsni\/NNCampKawanakwa -useHub -hubIPC -cloudEnvironment production -hubSessionId 09cf4d80-018d-11ec-a023-6103dd7c23bf -accessToken Mx_NP20dJD7msL7vz5FEjfaldbYNpNN7h3ahgkhtytk006f","communication_protocol_version":"1.5.0","com.unity.ml-agents_version":"2.1.0-exp.1","scene_name":"Scene_3DEnvironment","end_time_seconds":"1629844252"}}