{"count":1,"self":1313.1949055999999,"total":16500.370635,"children":{"InitializeActuators":{"count":102436,"self":1.8975975999999999,"total":1.8975977,"children":null},"InitializeSensors":{"count":102436,"self":15.0450112,"total":15.0450108,"children":null},"AgentSendState":{"count":568167,"self":1740.7766528,"total":3590.9334627,"children":{"CollectObservations":{"count":11725072,"self":41.826124799999995,"total":41.826124,"children":null},"WriteActionMask":{"count":11725072,"self":33.7330144,"total":33.7330136,"children":null},"RequestDecision":{"count":11725072,"self":123.45167359999999,"total":1774.5975869,"children":{"AgentInfo.ToProto":{"count":11725072,"self":97.044,"total":1651.1459174,"children":{"GenerateSensorData":{"count":11725072,"self":1312.7410688,"total":1554.1019156999998,"children":{"RayPerceptionSensor.Perceive":{"count":31538928,"self":241.360896,"total":241.36089099999998,"children":null}}}}}}}}},"DecideAction":{"count":568167,"self":11404.559155199999,"total":11404.5592027,"children":null},"AgentAct":{"count":568167,"self":153.6150016,"total":153.6149977,"children":null},"AgentInfo.ToProto":{"count":102327,"self":1.7622491999999998,"total":21.1204337,"children":{"GenerateSensorData":{"count":102327,"self":16.4636,"total":19.3581845,"children":{"RayPerceptionSensor.Perceive":{"count":281404,"self":2.894584,"total":2.894584,"children":null}}}}}},"gauges":{"CamperBehaviour.CumulativeReward":{"count":46635,"max":0.249040484,"min":-1283.03979,"runningAverage":-0.992316544,"value":-0.000283999485,"weightedAverage":-1.60593534}},"metadata":{"timer_format_version":"0.1.0","start_time_seconds":"1629627088","unity_version":"2021.1.15f1","command_line_arguments":"E:\\UnityEditors\\2021.1.15f1\\Editor\\Unity.exe -projectpath E:\/Zavrsni\/NNCampKawanakwa -useHub -hubIPC -cloudEnvironment production -hubSessionId 09cf4d80-018d-11ec-a023-6103dd7c23bf -accessToken Mx_NP20dJD7msL7vz5FEjfaldbYNpNN7h3ahgkhtytk006f","communication_protocol_version":"1.5.0","com.unity.ml-agents_version":"2.1.0-exp.1","scene_name":"Scene_3DEnvironment","end_time_seconds":"1629643588"}}