{"count":1,"self":1829.9607039999999,"total":21024.294699399998,"children":{"InitializeActuators":{"count":115912,"self":2.0658496,"total":2.0658495,"children":null},"InitializeSensors":{"count":115912,"self":15.7040288,"total":15.704029199999999,"children":null},"AgentSendState":{"count":832401,"self":2518.6441216,"total":5056.2619886,"children":{"CollectObservations":{"count":16314010,"self":56.873279999999994,"total":56.8732818,"children":null},"WriteActionMask":{"count":16314010,"self":56.912198399999994,"total":56.9122007,"children":null},"RequestDecision":{"count":16314010,"self":176.54316799999998,"total":2423.8323757,"children":{"AgentInfo.ToProto":{"count":16314010,"self":147.74309119999998,"total":2247.2892134,"children":{"GenerateSensorData":{"count":16314010,"self":1758.8568063999999,"total":2099.5461216,"children":{"RayPerceptionSensor.Perceive":{"count":43614318,"self":340.6893824,"total":340.68938959999997,"children":null}}}}}}}}},"DecideAction":{"count":832401,"self":13891.780608,"total":13891.780598399999,"children":null},"AgentAct":{"count":832401,"self":205.06421759999998,"total":205.06421609999998,"children":null},"AgentInfo.ToProto":{"count":115804,"self":2.1455536,"total":23.4553048,"children":{"GenerateSensorData":{"count":115804,"self":17.9843936,"total":21.3097511,"children":{"RayPerceptionSensor.Perceive":{"count":318466,"self":3.3253576,"total":3.3253575,"children":null}}}}}},"gauges":{"CamperBehaviour.CumulativeReward":{"count":26116,"max":-0.00494999532,"min":-521.598145,"runningAverage":-0.9486739,"value":-0.487552166,"weightedAverage":-0.6000985}},"metadata":{"timer_format_version":"0.1.0","start_time_seconds":"1629857210","unity_version":"2021.1.15f1","command_line_arguments":"E:\\UnityEditors\\2021.1.15f1\\Editor\\Unity.exe -projectpath E:\/Zavrsni\/NNCampKawanakwa -useHub -hubIPC -cloudEnvironment production -hubSessionId 09cf4d80-018d-11ec-a023-6103dd7c23bf -accessToken Mx_NP20dJD7msL7vz5FEjfaldbYNpNN7h3ahgkhtytk006f","communication_protocol_version":"1.5.0","com.unity.ml-agents_version":"2.1.0-exp.1","scene_name":"Scene_3DEnvironment","end_time_seconds":"1629878235"}}