{"count":1,"self":965.21543679999991,"total":12448.4389533,"children":{"InitializeActuators":{"count":82560,"self":1.2572295,"total":1.2572295,"children":null},"InitializeSensors":{"count":82560,"self":11.402029599999999,"total":11.4020295,"children":null},"AgentSendState":{"count":443467,"self":1298.8417024,"total":2668.9847824,"children":{"CollectObservations":{"count":8823187,"self":30.428668799999997,"total":30.428669399999997,"children":null},"WriteActionMask":{"count":8823187,"self":25.569432,"total":25.5694317,"children":null},"RequestDecision":{"count":8823187,"self":92.2297408,"total":1314.1450094,"children":{"AgentInfo.ToProto":{"count":8823187,"self":72.271513599999992,"total":1221.9152708,"children":{"GenerateSensorData":{"count":8823187,"self":971.85617919999993,"total":1149.64376,"children":{"RayPerceptionSensor.Perceive":{"count":23631353,"self":177.7875456,"total":177.7875502,"children":null}}}}}}}}},"DecideAction":{"count":443467,"self":8670.0613632,"total":8670.0615901,"children":null},"AgentAct":{"count":443467,"self":114.22964479999999,"total":114.2296387,"children":null},"AgentInfo.ToProto":{"count":82456,"self":1.3990692,"total":17.2872312,"children":{"GenerateSensorData":{"count":82456,"self":13.5100672,"total":15.888162,"children":{"RayPerceptionSensor.Perceive":{"count":226760,"self":2.3780943999999997,"total":2.3780943999999997,"children":null}}}}}},"gauges":{"CamperBehaviour.CumulativeReward":{"count":24501,"max":0.358741015,"min":-874.9855,"runningAverage":-1.10449183,"value":-0.3106277,"weightedAverage":-0.278541237}},"metadata":{"timer_format_version":"0.1.0","start_time_seconds":"1629039919","unity_version":"2021.1.15f1","command_line_arguments":"E:\\UnityEditors\\2021.1.15f1\\Editor\\Unity.exe -projectpath E:\/Zavrsni\/NNCampKawanakwa -useHub -hubIPC -cloudEnvironment production -hubSessionId 1de1a5c0-fdb4-11eb-8f8d-551fc0b00dbc -accessToken _fozFj-w3gdQUe7JpheTPALMscCEKwCTJR4R23ff7Zo006f","communication_protocol_version":"1.5.0","com.unity.ml-agents_version":"2.1.0-exp.1","scene_name":"Scene_3DEnvironment","end_time_seconds":"1629052367"}}