{"count":1,"self":3167.9860736,"total":29916.301329899998,"children":{"InitializeActuators":{"count":4964,"self":0.591156,"total":0.591156,"children":null},"InitializeSensors":{"count":4964,"self":1.4371243,"total":1.4371243,"children":null},"AgentSendState":{"count":12512201,"self":1437.20192,"total":3919.856413,"children":{"CollectObservations":{"count":6760002,"self":49.684624,"total":49.684624299999996,"children":null},"WriteActionMask":{"count":6760002,"self":6.7914927999999994,"total":6.791493,"children":null},"RequestDecision":{"count":6760002,"self":33.7184288,"total":2426.1783585999997,"children":{"AgentInfo.ToProto":{"count":6760002,"self":39.120531199999995,"total":2392.4599301,"children":{"GenerateSensorData":{"count":6760002,"self":2320.299008,"total":2353.3393987,"children":{"RayPerceptionSensor.Perceive":{"count":13520004,"self":33.0404256,"total":33.040425,"children":null}}}}}}}}},"DecideAction":{"count":12512201,"self":22766.400307199998,"total":22766.4003496,"children":null},"AgentAct":{"count":12512201,"self":50.929263999999996,"total":50.9292631,"children":null},"AgentInfo.ToProto":{"count":4962,"self":0.0364053,"total":8.9790904,"children":{"GenerateSensorData":{"count":4962,"self":8.9223848,"total":8.9426851,"children":{"RayPerceptionSensor.Perceive":{"count":9924,"self":0.020300099999999998,"total":0.020300099999999998,"children":null}}}}}},"gauges":{"CamperBehaviour.CumulativeReward":{"count":164,"max":2.93,"min":-3.76003647,"runningAverage":0.6807928,"value":1.4300015,"weightedAverage":0.8782965}},"metadata":{"timer_format_version":"0.1.0","start_time_seconds":"1627826471","unity_version":"2021.1.15f1","command_line_arguments":"C:\\Program Files\\Unity\\Hub\\Editor\\2021.1.15f1\\Editor\\Unity.exe -projectpath C:\/Users\/sonyc\/Desktop\/zavrsni rad\/Unity\/CampKawanakwa -useHub -hubIPC -cloudEnvironment production -hubSessionId eeac0340-f2cd-11eb-a3cb-4d8d436510d1","communication_protocol_version":"1.5.0","com.unity.ml-agents_version":"2.1.0-exp.1","scene_name":"Scene_SmallEnvironment","end_time_seconds":"1627856371"}}