{"count":1,"self":472.69437439999996,"total":6090.3751219999995,"children":{"InitializeActuators":{"count":26940,"self":0.4223405,"total":0.4223405,"children":null},"InitializeSensors":{"count":26940,"self":3.5288836,"total":3.5288836,"children":null},"AgentSendState":{"count":231184,"self":677.5212032,"total":1390.8289447,"children":{"CollectObservations":{"count":4601547,"self":16.139526399999998,"total":16.1395259,"children":null},"WriteActionMask":{"count":4601547,"self":13.0243056,"total":13.0243053,"children":null},"RequestDecision":{"count":4601547,"self":46.183228799999995,"total":684.14392939999993,"children":{"AgentInfo.ToProto":{"count":4601547,"self":36.522006399999995,"total":637.9606999,"children":{"GenerateSensorData":{"count":4601547,"self":508.67199999999997,"total":601.4386943,"children":{"RayPerceptionSensor.Perceive":{"count":12325057,"self":92.7667008,"total":92.766702999999993,"children":null}}}}}}}}},"DecideAction":{"count":231184,"self":4166.4974848,"total":4166.4973493,"children":null},"AgentAct":{"count":231184,"self":50.8792768,"total":50.879276,"children":null},"AgentInfo.ToProto":{"count":26822,"self":0.44231529999999997,"total":5.5229661,"children":{"GenerateSensorData":{"count":26822,"self":4.2975492,"total":5.0806508,"children":{"RayPerceptionSensor.Perceive":{"count":73763,"self":0.7831017,"total":0.7831017,"children":null}}}}}},"gauges":{"CamperBehaviour.CumulativeReward":{"count":9786,"max":-6.80000157E-05,"min":-20.9267235,"runningAverage":-0.4795423,"value":-0.0004040004,"weightedAverage":-0.0616098158}},"metadata":{"timer_format_version":"0.1.0","start_time_seconds":"1628456604","unity_version":"2021.1.15f1","command_line_arguments":"E:\\UnityEditors\\2021.1.15f1\\Editor\\Unity.exe -projectpath E:\/Zavrsni\/NNCampKawanakwa -useHub -hubIPC -cloudEnvironment production -hubSessionId 63cd2d60-f838-11eb-8240-158cc7c8f02d -accessToken KbTWxZdYhd5_kI-CDUSzGeYKQvLIN_nAc9t2D2OrdrY006f","communication_protocol_version":"1.5.0","com.unity.ml-agents_version":"2.1.0-exp.1","scene_name":"Scene_3DEnvironment","end_time_seconds":"1628462695"}}