{"count":1,"self":1013.590528,"total":9156.1479667,"children":{"InitializeActuators":{"count":52984,"self":0.81343369999999993,"total":0.81343369999999993,"children":null},"InitializeSensors":{"count":52984,"self":6.0078204,"total":6.0078204,"children":null},"AgentSendState":{"count":640601,"self":819.0158336,"total":1794.6393437,"children":{"CollectObservations":{"count":6316029,"self":23.832067199999997,"total":23.8320668,"children":null},"WriteActionMask":{"count":6316029,"self":19.3362928,"total":19.3362931,"children":null},"RequestDecision":{"count":6316029,"self":68.1462528,"total":932.4551505,"children":{"AgentInfo.ToProto":{"count":6316029,"self":56.467244799999996,"total":864.3088981,"children":{"GenerateSensorData":{"count":6316029,"self":686.252032,"total":807.8416552,"children":{"RayPerceptionSensor.Perceive":{"count":12632058,"self":121.5896192,"total":121.5896143,"children":null}}}}}}}}},"DecideAction":{"count":640601,"self":6261.4224896,"total":6261.4225097,"children":null},"AgentAct":{"count":640601,"self":69.76997759999999,"total":69.7699769,"children":null},"AgentInfo.ToProto":{"count":52933,"self":0.9179974,"total":9.9033269,"children":{"GenerateSensorData":{"count":52933,"self":7.7848311999999993,"total":8.9853294999999989,"children":{"RayPerceptionSensor.Perceive":{"count":105866,"self":1.2004983,"total":1.2004983,"children":null}}}}}},"gauges":{"CamperBehaviour.CumulativeReward":{"count":16545,"max":-7.700002E-05,"min":-11.7113008,"runningAverage":-0.349922925,"value":-1.12097228,"weightedAverage":-0.385815024}},"metadata":{"timer_format_version":"0.1.0","start_time_seconds":"1628357609","unity_version":"2021.1.15f1","command_line_arguments":"E:\\UnityEditors\\2021.1.15f1\\Editor\\Unity.exe -projectpath E:\/Zavrsni\/NNCampKawanakwa -useHub -hubIPC -cloudEnvironment production -hubSessionId c6e613b0-f691-11eb-a86e-0bae32898cb1 -accessToken ugM87ViHHryeZNsBW6IskZiwsfykKniEU_7tiJdxUuA006f","communication_protocol_version":"1.5.0","com.unity.ml-agents_version":"2.1.0-exp.1","scene_name":"Scene_3DEnvironment","end_time_seconds":"1628366765"}}