{"count":1,"self":269.6827904,"total":2556.0865025,"children":{"InitializeActuators":{"count":276,"self":0.0019947,"total":0.0019947,"children":null},"InitializeSensors":{"count":276,"self":0.0239889,"total":0.0239889,"children":null},"AgentSendState":{"count":1127776,"self":112.69973759999999,"total":334.17212739999997,"children":{"CollectObservations":{"count":572872,"self":3.5191048,"total":3.5191048,"children":null},"WriteActionMask":{"count":572872,"self":0.591117,"total":0.591117,"children":null},"RequestDecision":{"count":572872,"self":2.9921371999999997,"total":217.36216829999998,"children":{"AgentInfo.ToProto":{"count":572872,"self":3.3735016,"total":214.3700312,"children":{"GenerateSensorData":{"count":572872,"self":207.842944,"total":210.9965297,"children":{"RayPerceptionSensor.Perceive":{"count":1145744,"self":3.1535813999999998,"total":3.1535813999999998,"children":null}}}}}}}}},"DecideAction":{"count":1127776,"self":1947.4032639999998,"total":1947.4033170999999,"children":null},"AgentAct":{"count":1127776,"self":4.6892176,"total":4.6892178,"children":null},"AgentInfo.ToProto":{"count":274,"self":0.0020566,"total":0.1120573,"children":{"GenerateSensorData":{"count":274,"self":0.1059527,"total":0.11000069999999999,"children":{"RayPerceptionSensor.Perceive":{"count":548,"self":0.0040479999999999995,"total":0.0040479999999999995,"children":null}}}}}},"gauges":{"CamperBehaviour.CumulativeReward":{"count":5,"max":1.41000152,"min":-4.910034,"runningAverage":-1.41400552,"value":-0.299999744,"weightedAverage":-1.311916}},"metadata":{"timer_format_version":"0.1.0","start_time_seconds":"1628112823","unity_version":"2021.1.15f1","command_line_arguments":"C:\\Program Files\\Unity\\Hub\\Editor\\2021.1.15f1\\Editor\\Unity.exe -projectpath C:\/Users\/sonyc\/Desktop\/zavrsni rad\/Unity\/CampKawanakwa -useHub -hubIPC -cloudEnvironment production -hubSessionId a915fea0-f528-11eb-a4b8-35cfe71cdc9b","communication_protocol_version":"1.5.0","com.unity.ml-agents_version":"2.1.0-exp.1","scene_name":"Scene_SmallEnvironment","end_time_seconds":"1628115379"}}