{"count":1,"self":3121.7188864,"total":25261.446905099998,"children":{"InitializeActuators":{"count":7304,"self":0.1087327,"total":0.1087327,"children":null},"InitializeSensors":{"count":7304,"self":0.793767,"total":0.793767,"children":null},"AgentSendState":{"count":5898451,"self":1114.785792,"total":4150.3861784,"children":{"CollectObservations":{"count":6008300,"self":77.8041664,"total":77.804168699999991,"children":null},"WriteActionMask":{"count":6008300,"self":25.4466592,"total":25.446659699999998,"children":null},"RequestDecision":{"count":6008300,"self":99.2389568,"total":2932.3495740999997,"children":{"AgentInfo.ToProto":{"count":6008300,"self":95.0338688,"total":2833.1106148,"children":{"GenerateSensorData":{"count":6008300,"self":2654.1195264,"total":2738.076747,"children":{"RayPerceptionSensor.Perceive":{"count":12016600,"self":83.9572352,"total":83.9572366,"children":null}}}}}}}}},"DecideAction":{"count":5898451,"self":17912.7779328,"total":17912.7774305,"children":null},"AgentAct":{"count":5898451,"self":72.0437312,"total":72.0437309,"children":null},"AgentInfo.ToProto":{"count":7300,"self":0.1821958,"total":3.6171677,"children":{"GenerateSensorData":{"count":7300,"self":3.3383475999999996,"total":3.4349719,"children":{"RayPerceptionSensor.Perceive":{"count":14600,"self":0.0966243,"total":0.0966243,"children":null}}}}}},"gauges":{"CamperBehaviour.CumulativeReward":{"count":454,"max":0.8884903,"min":-78.2029,"runningAverage":-1.579837,"value":0.0787358955,"weightedAverage":-0.260493428}},"metadata":{"timer_format_version":"0.1.0","start_time_seconds":"1627520498","unity_version":"2021.1.15f1","command_line_arguments":"E:\\UnityEditors\\2021.1.15f1\\Editor\\Unity.exe -projectpath E:\/Zavrsni\/NNCampKawanakwa -useHub -hubIPC -cloudEnvironment production -hubSessionId 7946d500-f005-11eb-8b19-f5dbc0a89284 -accessToken cex2w6WiGDpXkII0569B5gayoYu3znj5AQdAeIL6YRI006f","communication_protocol_version":"1.5.0","com.unity.ml-agents_version":"2.1.0-exp.1","scene_name":"Scene_SmallEnvironment","end_time_seconds":"1627545759"}}