{"count":1,"self":3420.7655935999996,"total":44364.3463922,"children":{"InitializeActuators":{"count":44884,"self":0.6840896,"total":0.6840896,"children":null},"InitializeSensors":{"count":44884,"self":6.4008404,"total":6.4008404999999993,"children":null},"AgentSendState":{"count":1894367,"self":4811.7284863999994,"total":10392.429395199999,"children":{"CollectObservations":{"count":36082723,"self":127.0653184,"total":127.06531349999999,"children":null},"WriteActionMask":{"count":36082723,"self":100.85258239999999,"total":100.8525808,"children":null},"RequestDecision":{"count":36082723,"self":369.7016576,"total":5352.7830721,"children":{"AgentInfo.ToProto":{"count":36082723,"self":295.24971519999997,"total":4983.0814083999994,"children":{"GenerateSensorData":{"count":36082723,"self":3956.9993728,"total":4687.8317056999995,"children":{"RayPerceptionSensor.Perceive":{"count":96124201,"self":730.83238399999993,"total":730.8323768,"children":null}}}}}}}}},"DecideAction":{"count":1894367,"self":30104.1319936,"total":30104.133572699997,"children":null},"AgentAct":{"count":1894367,"self":430.6501632,"total":430.6501676,"children":null},"AgentInfo.ToProto":{"count":44774,"self":0.7479604,"total":9.2808154,"children":{"GenerateSensorData":{"count":44774,"self":7.2927024,"total":8.532855,"children":{"RayPerceptionSensor.Perceive":{"count":123133,"self":1.2401526,"total":1.2401526,"children":null}}}}}},"gauges":{"CamperBehaviour.CumulativeReward":{"count":14529,"max":0.405402839,"min":-1556.65,"runningAverage":-4.72768736,"value":-0.05257119,"weightedAverage":-0.398748428}},"metadata":{"timer_format_version":"0.1.0","start_time_seconds":"1629056398","unity_version":"2021.1.15f1","command_line_arguments":"E:\\UnityEditors\\2021.1.15f1\\Editor\\Unity.exe -projectpath E:\/Zavrsni\/NNCampKawanakwa -useHub -hubIPC -cloudEnvironment production -hubSessionId 1de1a5c0-fdb4-11eb-8f8d-551fc0b00dbc -accessToken _fozFj-w3gdQUe7JpheTPALMscCEKwCTJR4R23ff7Zo006f","communication_protocol_version":"1.5.0","com.unity.ml-agents_version":"2.1.0-exp.1","scene_name":"Scene_3DEnvironment_Large","end_time_seconds":"1629100762"}}