{
    "name": "root",
    "metadata": {
        "timer_format_version": "0.1.0",
        "start_time_seconds": "1630326376",
        "python_version": "3.7.4 (default, Aug  9 2019, 18:34:13) [MSC v.1915 64 bit (AMD64)]",
        "command_line_arguments": "D:\\Miniconda\\Scripts\\mlagents-learn config/TrainingConfigFinal.yaml --run-id=CuriosityTest --resume",
        "mlagents_version": "0.27.0",
        "mlagents_envs_version": "0.27.0",
        "communication_protocol_version": "1.5.0",
        "pytorch_version": "1.7.1+cu110",
        "numpy_version": "1.19.5",
        "end_time_seconds": "1630326433"
    },
    "total": 56.4177575,
    "count": 1,
    "self": 0.02424090000000234,
    "children": {
        "run_training.setup": {
            "total": 0.23505290000000012,
            "count": 1,
            "self": 0.23505290000000012
        },
        "TrainerController.start_learning": {
            "total": 56.1584637,
            "count": 1,
            "self": 0.05452110000009469,
            "children": {
                "TrainerController._reset_env": {
                    "total": 12.544856,
                    "count": 2,
                    "self": 12.544856
                },
                "TrainerController.advance": {
                    "total": 42.366022999999906,
                    "count": 1840,
                    "self": 0.08747149999999237,
                    "children": {
                        "env_step": {
                            "total": 42.00594970000003,
                            "count": 1840,
                            "self": 23.387405999999924,
                            "children": {
                                "SubprocessEnvManager._take_step": {
                                    "total": 18.59253770000013,
                                    "count": 1840,
                                    "self": 0.2617937000002186,
                                    "children": {
                                        "TorchPolicy.evaluate": {
                                            "total": 18.33074399999991,
                                            "count": 3680,
                                            "self": 3.972592099999824,
                                            "children": {
                                                "TorchPolicy.sample_actions": {
                                                    "total": 14.358151900000086,
                                                    "count": 3680,
                                                    "self": 14.358151900000086
                                                }
                                            }
                                        }
                                    }
                                },
                                "workers": {
                                    "total": 0.026005999999977547,
                                    "count": 1839,
                                    "self": 0.0,
                                    "children": {
                                        "worker_root": {
                                            "total": 46.17174500000011,
                                            "count": 1839,
                                            "is_parallel": true,
                                            "self": 25.737643100000042,
                                            "children": {
                                                "steps_from_proto": {
                                                    "total": 0.0030216999999961303,
                                                    "count": 4,
                                                    "is_parallel": true,
                                                    "self": 0.0009271999999960201,
                                                    "children": {
                                                        "_process_rank_one_or_two_observation": {
                                                            "total": 0.00209450000000011,
                                                            "count": 28,
                                                            "is_parallel": true,
                                                            "self": 0.00209450000000011
                                                        }
                                                    }
                                                },
                                                "UnityEnvironment.step": {
                                                    "total": 20.431080200000068,
                                                    "count": 1839,
                                                    "is_parallel": true,
                                                    "self": 0.42304170000000596,
                                                    "children": {
                                                        "UnityEnvironment._generate_step_input": {
                                                            "total": 0.24241820000014513,
                                                            "count": 1839,
                                                            "is_parallel": true,
                                                            "self": 0.24241820000014513
                                                        },
                                                        "communicator.exchange": {
                                                            "total": 17.00899690000007,
                                                            "count": 1839,
                                                            "is_parallel": true,
                                                            "self": 17.00899690000007
                                                        },
                                                        "steps_from_proto": {
                                                            "total": 2.756623399999844,
                                                            "count": 3678,
                                                            "is_parallel": true,
                                                            "self": 0.8051825999998599,
                                                            "children": {
                                                                "_process_rank_one_or_two_observation": {
                                                                    "total": 1.9514407999999843,
                                                                    "count": 25746,
                                                                    "is_parallel": true,
                                                                    "self": 1.9514407999999843
                                                                }
                                                            }
                                                        }
                                                    }
                                                }
                                            }
                                        }
                                    }
                                }
                            }
                        },
                        "trainer_advance": {
                            "total": 0.2726017999998813,
                            "count": 3678,
                            "self": 0.16772039999998434,
                            "children": {
                                "process_trajectory": {
                                    "total": 0.10488139999989698,
                                    "count": 3678,
                                    "self": 0.10488139999989698
                                }
                            }
                        }
                    }
                },