{
    "name": "root",
    "metadata": {
        "timer_format_version": "0.1.0",
        "start_time_seconds": "1630369516",
        "python_version": "3.7.4 (default, Aug  9 2019, 18:34:13) [MSC v.1915 64 bit (AMD64)]",
        "command_line_arguments": "D:\\Miniconda\\Scripts\\mlagents-learn config/TrainingConfigCuriosityFinal.yaml --run-id=CuriosityTest2.0 --resume",
        "mlagents_version": "0.27.0",
        "mlagents_envs_version": "0.27.0",
        "communication_protocol_version": "1.5.0",
        "pytorch_version": "1.7.1+cu110",
        "numpy_version": "1.19.5",
        "end_time_seconds": "1630369601"
    },
    "total": 84.56396070000001,
    "count": 1,
    "self": 0.020896800000016924,
    "children": {
        "run_training.setup": {
            "total": 0.9686995000000014,
            "count": 1,
            "self": 0.9686995000000014
        },
        "TrainerController.start_learning": {
            "total": 83.5743644,
            "count": 1,
            "self": 0.08340459999995176,
            "children": {
                "TrainerController._reset_env": {
                    "total": 23.008144099999996,
                    "count": 2,
                    "self": 23.008144099999996
                },
                "TrainerController.advance": {
                    "total": 59.32540380000005,
                    "count": 3071,
                    "self": 0.1318697000000313,
                    "children": {
                        "env_step": {
                            "total": 58.15563339999968,
                            "count": 3071,
                            "self": 31.37728309999966,
                            "children": {
                                "SubprocessEnvManager._take_step": {
                                    "total": 26.738833900000195,
                                    "count": 3071,
                                    "self": 0.321290300000868,
                                    "children": {
                                        "TorchPolicy.evaluate": {
                                            "total": 26.417543599999327,
                                            "count": 6117,
                                            "self": 5.497608199999604,
                                            "children": {
                                                "TorchPolicy.sample_actions": {
                                                    "total": 20.919935399999723,
                                                    "count": 6117,
                                                    "self": 20.919935399999723
                                                }
                                            }
                                        }
                                    }
                                },
                                "workers": {
                                    "total": 0.039516399999826035,
                                    "count": 3070,
                                    "self": 0.0,
                                    "children": {
                                        "worker_root": {
                                            "total": 67.4762328000003,
                                            "count": 3070,
                                            "is_parallel": true,
                                            "self": 40.02550590000007,
                                            "children": {
                                                "steps_from_proto": {
                                                    "total": 0.0025735999999980663,
                                                    "count": 4,
                                                    "is_parallel": true,
                                                    "self": 0.00077370000000343,
                                                    "children": {
                                                        "_process_rank_one_or_two_observation": {
                                                            "total": 0.0017998999999946363,
                                                            "count": 28,
                                                            "is_parallel": true,
                                                            "self": 0.0017998999999946363
                                                        }
                                                    }
                                                },
                                                "UnityEnvironment.step": {
                                                    "total": 27.448153300000236,
                                                    "count": 3070,
                                                    "is_parallel": true,
                                                    "self": 0.5191088999997682,
                                                    "children": {
                                                        "UnityEnvironment._generate_step_input": {
                                                            "total": 0.31632260000014867,
                                                            "count": 3070,
                                                            "is_parallel": true,
                                                            "self": 0.31632260000014867
                                                        },
                                                        "communicator.exchange": {
                                                            "total": 23.319646800000058,
                                                            "count": 3070,
                                                            "is_parallel": true,
                                                            "self": 23.319646800000058
                                                        },
                                                        "steps_from_proto": {
                                                            "total": 3.293075000000261,
                                                            "count": 6140,
                                                            "is_parallel": true,
                                                            "self": 1.1308064000027471,
                                                            "children": {
                                                                "_process_rank_one_or_two_observation": {
                                                                    "total": 2.162268599997514,
                                                                    "count": 42980,
                                                                    "is_parallel": true,
                                                                    "self": 2.162268599997514
                                                                }
                                                            }
                                                        }
                                                    }
                                                }
                                            }
                                        }
                                    }
                                }
                            }
                        },
                        "trainer_advance": {
                            "total": 1.0379007000003426,
                            "count": 6140,
                            "self": 0.2583224000005444,
                            "children": {
                                "process_trajectory": {
                                    "total": 0.7795782999997982,
                                    "count": 6140,
                                    "self": 0.7795782999997982
                                }
                            }
                        }
                    }
                },